Link, Anchor Text
"http://trillian.mit.edu/~jc/music/abc/mirror/mindspring.com/~thornton.rose/ATBPWM1.abc", ATBPWM1.abc
"http://trillian.mit.edu/~jc/music/abc/mirror/mindspring.com/~thornton.rose/ATBPWM2.abc", ATBPWM2.abc
"http://trillian.mit.edu/~jc/music/abc/mirror/mindspring.com/~thornton.rose/AllForMeGrog.abc", AllForMeGrog.abc
"http://trillian.mit.edu/~jc/music/abc/mirror/mindspring.com/~thornton.rose/All_For_Me_Grog.abc", All_For_Me_Grog.abc
"http://trillian.mit.edu/~jc/music/abc/mirror/mindspring.com/~thornton.rose/AmazingGrace.abc", AmazingGrace.abc
"http://trillian.mit.edu/~jc/music/abc/mirror/mindspring.com/~thornton.rose/Amazing_Grace.abc", Amazing_Grace.abc
"http://trillian.mit.edu/~jc/music/abc/mirror/mindspring.com/~thornton.rose/AmericaTheBeautiful.abc", AmericaTheBeautiful.abc
"http://trillian.mit.edu/~jc/music/abc/mirror/mindspring.com/~thornton.rose/America_The_Beautiful.abc", America_The_Beautiful.abc
"http://trillian.mit.edu/~jc/music/abc/mirror/mindspring.com/~thornton.rose/AngelBand.abc", AngelBand.abc
"http://trillian.mit.edu/~jc/music/abc/mirror/mindspring.com/~thornton.rose/Angel_Band.abc", Angel_Band.abc
"http://trillian.mit.edu/~jc/music/abc/mirror/mindspring.com/~thornton.rose/AngelsWeHaveHeardOnHigh.abc", AngelsWeHaveHeardOnHigh.abc
"http://trillian.mit.edu/~jc/music/abc/mirror/mindspring.com/~thornton.rose/Angels_We_Have_Heard_On_High.abc", Angels_We_Have_Heard_On_High.abc
"http://trillian.mit.edu/~jc/music/abc/mirror/mindspring.com/~thornton.rose/AthollHighlanders.abc", AthollHighlanders.abc
"http://trillian.mit.edu/~jc/music/abc/mirror/mindspring.com/~thornton.rose/Atholl_Highlanders.abc", Atholl_Highlanders.abc
"http://trillian.mit.edu/~jc/music/abc/mirror/mindspring.com/~thornton.rose/AwayInAManger.abc", AwayInAManger.abc
"http://trillian.mit.edu/~jc/music/abc/mirror/mindspring.com/~thornton.rose/Away_In_AManger.abc", Away_In_AManger.abc
"http://trillian.mit.edu/~jc/music/abc/mirror/mindspring.com/~thornton.rose/BackHomeInDerry.abc", BackHomeInDerry.abc
"http://trillian.mit.edu/~jc/music/abc/mirror/mindspring.com/~thornton.rose/Back_Home_In_Derry.abc", Back_Home_In_Derry.abc
"http://trillian.mit.edu/~jc/music/abc/mirror/mindspring.com/~thornton.rose/BantryGirlsLament.abc", BantryGirlsLament.abc
"http://trillian.mit.edu/~jc/music/abc/mirror/mindspring.com/~thornton.rose/Bantry_Girls_Lament.abc", Bantry_Girls_Lament.abc
"http://trillian.mit.edu/~jc/music/abc/mirror/mindspring.com/~thornton.rose/BarbaraAllen.abc", BarbaraAllen.abc
"http://trillian.mit.edu/~jc/music/abc/mirror/mindspring.com/~thornton.rose/Barbara_Allen.abc", Barbara_Allen.abc
"http://trillian.mit.edu/~jc/music/abc/mirror/mindspring.com/~thornton.rose/BattleHymnOfTheRepublic.abc", BattleHymnOfTheRepublic.abc
"http://trillian.mit.edu/~jc/music/abc/mirror/mindspring.com/~thornton.rose/BattleOfNewOrleans.abc", BattleOfNewOrleans.abc
"http://trillian.mit.edu/~jc/music/abc/mirror/mindspring.com/~thornton.rose/Battle_Hymn_Of_The_Republic.abc", Battle_Hymn_Of_The_Republic.abc
"http://trillian.mit.edu/~jc/music/abc/mirror/mindspring.com/~thornton.rose/Battle_Of_New_Orleans.abc", Battle_Of_New_Orleans.abc
"http://trillian.mit.edu/~jc/music/abc/mirror/mindspring.com/~thornton.rose/BeerBeerBeer.abc", BeerBeerBeer.abc
"http://trillian.mit.edu/~jc/music/abc/mirror/mindspring.com/~thornton.rose/Beer_Beer_Beer.abc", Beer_Beer_Beer.abc
"http://trillian.mit.edu/~jc/music/abc/mirror/mindspring.com/~thornton.rose/BigRockCandyMountain.abc", BigRockCandyMountain.abc
"http://trillian.mit.edu/~jc/music/abc/mirror/mindspring.com/~thornton.rose/Big_Rock_Candy_Mountain.abc", Big_Rock_Candy_Mountain.abc
"http://trillian.mit.edu/~jc/music/abc/mirror/mindspring.com/~thornton.rose/BlackIsTheColor.abc", BlackIsTheColor.abc
"http://trillian.mit.edu/~jc/music/abc/mirror/mindspring.com/~thornton.rose/Black_Is_The_Color.abc", Black_Is_The_Color.abc
"http://trillian.mit.edu/~jc/music/abc/mirror/mindspring.com/~thornton.rose/BlackthornSet.abc", BlackthornSet.abc
"http://trillian.mit.edu/~jc/music/abc/mirror/mindspring.com/~thornton.rose/BlackthornStick.abc", BlackthornStick.abc
"http://trillian.mit.edu/~jc/music/abc/mirror/mindspring.com/~thornton.rose/Blackthorn_Set.abc", Blackthorn_Set.abc
"http://trillian.mit.edu/~jc/music/abc/mirror/mindspring.com/~thornton.rose/Blackthorn_Stick.abc", Blackthorn_Stick.abc
"http://trillian.mit.edu/~jc/music/abc/mirror/mindspring.com/~thornton.rose/BlarneyPilgrim.abc", BlarneyPilgrim.abc
"http://trillian.mit.edu/~jc/music/abc/mirror/mindspring.com/~thornton.rose/Blarney_Pilgrim.abc", Blarney_Pilgrim.abc
"http://trillian.mit.edu/~jc/music/abc/mirror/mindspring.com/~thornton.rose/BlindMary.abc", BlindMary.abc
"http://trillian.mit.edu/~jc/music/abc/mirror/mindspring.com/~thornton.rose/Blind_Mary.abc", Blind_Mary.abc
"http://trillian.mit.edu/~jc/music/abc/mirror/mindspring.com/~thornton.rose/BonnieBlueFlag.abc", BonnieBlueFlag.abc
"http://trillian.mit.edu/~jc/music/abc/mirror/mindspring.com/~thornton.rose/Bonnie_Blue_Flag.abc", Bonnie_Blue_Flag.abc
"http://trillian.mit.edu/~jc/music/abc/mirror/mindspring.com/~thornton.rose/BothSidesTheTweed.abc", BothSidesTheTweed.abc
"http://trillian.mit.edu/~jc/music/abc/mirror/mindspring.com/~thornton.rose/Both_Sides_The_Tweed.abc", Both_Sides_The_Tweed.abc
"http://trillian.mit.edu/~jc/music/abc/mirror/mindspring.com/~thornton.rose/Caledonia.abc", Caledonia.abc
"http://trillian.mit.edu/~jc/music/abc/mirror/mindspring.com/~thornton.rose/CaltonWeaver.abc", CaltonWeaver.abc
"http://trillian.mit.edu/~jc/music/abc/mirror/mindspring.com/~thornton.rose/Calton_Weaver.abc", Calton_Weaver.abc
"http://trillian.mit.edu/~jc/music/abc/mirror/mindspring.com/~thornton.rose/CherishTheLadies-AtHome.abc", CherishTheLadies-AtHome.abc
"http://trillian.mit.edu/~jc/music/abc/mirror/mindspring.com/~thornton.rose/Cherish_The_Ladies-At_Home.abc", Cherish_The_Ladies-At_Home.abc
"http://trillian.mit.edu/~jc/music/abc/mirror/mindspring.com/~thornton.rose/ChicagoReel.abc", ChicagoReel.abc
"http://trillian.mit.edu/~jc/music/abc/mirror/mindspring.com/~thornton.rose/Chicago_Reel.abc", Chicago_Reel.abc
"http://trillian.mit.edu/~jc/music/abc/mirror/mindspring.com/~thornton.rose/ClareJig.abc", ClareJig.abc
"http://trillian.mit.edu/~jc/music/abc/mirror/mindspring.com/~thornton.rose/Clare_Jig.abc", Clare_Jig.abc
"http://trillian.mit.edu/~jc/music/abc/mirror/mindspring.com/~thornton.rose/ComingRoundTheMountain.abc", ComingRoundTheMountain.abc
"http://trillian.mit.edu/~jc/music/abc/mirror/mindspring.com/~thornton.rose/Coming_Round_The_Mountain.abc", Coming_Round_The_Mountain.abc
"http://trillian.mit.edu/~jc/music/abc/mirror/mindspring.com/~thornton.rose/CountryRoads.abc", CountryRoads.abc
"http://trillian.mit.edu/~jc/music/abc/mirror/mindspring.com/~thornton.rose/Country_Roads.abc", Country_Roads.abc
"http://trillian.mit.edu/~jc/music/abc/mirror/mindspring.com/~thornton.rose/CurraghOfKildare.abc", CurraghOfKildare.abc
"http://trillian.mit.edu/~jc/music/abc/mirror/mindspring.com/~thornton.rose/Curragh_Of_Kildare.abc", Curragh_Of_Kildare.abc
"http://trillian.mit.edu/~jc/music/abc/mirror/mindspring.com/~thornton.rose/CuttingBracken.abc", CuttingBracken.abc
"http://trillian.mit.edu/~jc/music/abc/mirror/mindspring.com/~thornton.rose/CuttingFerns.abc", CuttingFerns.abc
"http://trillian.mit.edu/~jc/music/abc/mirror/mindspring.com/~thornton.rose/Cutting_Bracken.abc", Cutting_Bracken.abc
"http://trillian.mit.edu/~jc/music/abc/mirror/mindspring.com/~thornton.rose/Cutting_Ferns.abc", Cutting_Ferns.abc
"http://trillian.mit.edu/~jc/music/abc/mirror/mindspring.com/~thornton.rose/DannyBoy.abc", DannyBoy.abc
"http://trillian.mit.edu/~jc/music/abc/mirror/mindspring.com/~thornton.rose/Danny_Boy.abc", Danny_Boy.abc
"http://trillian.mit.edu/~jc/music/abc/mirror/mindspring.com/~thornton.rose/DeckTheHalls.abc", DeckTheHalls.abc
"http://trillian.mit.edu/~jc/music/abc/mirror/mindspring.com/~thornton.rose/Deck_The_Halls.abc", Deck_The_Halls.abc
"http://trillian.mit.edu/~jc/music/abc/mirror/mindspring.com/~thornton.rose/DevilInTheKitchen.abc", DevilInTheKitchen.abc
"http://trillian.mit.edu/~jc/music/abc/mirror/mindspring.com/~thornton.rose/Devil_In_The_Kitchen.abc", Devil_In_The_Kitchen.abc
"http://trillian.mit.edu/~jc/music/abc/mirror/mindspring.com/~thornton.rose/DonnybrookFair.abc", DonnybrookFair.abc
"http://trillian.mit.edu/~jc/music/abc/mirror/mindspring.com/~thornton.rose/Donnybrook_Fair.abc", Donnybrook_Fair.abc
"http://trillian.mit.edu/~jc/music/abc/mirror/mindspring.com/~thornton.rose/DrunkenSailor.abc", DrunkenSailor.abc
"http://trillian.mit.edu/~jc/music/abc/mirror/mindspring.com/~thornton.rose/Drunken_Sailor.abc", Drunken_Sailor.abc
"http://trillian.mit.edu/~jc/music/abc/mirror/mindspring.com/~thornton.rose/Edelweiss.abc", Edelweiss.abc
"http://trillian.mit.edu/~jc/music/abc/mirror/mindspring.com/~thornton.rose/FirstNoel.abc", FirstNoel.abc
"http://trillian.mit.edu/~jc/music/abc/mirror/mindspring.com/~thornton.rose/First_Noel.abc", First_Noel.abc
"http://trillian.mit.edu/~jc/music/abc/mirror/mindspring.com/~thornton.rose/FlowerOfScotland.abc", FlowerOfScotland.abc
"http://trillian.mit.edu/~jc/music/abc/mirror/mindspring.com/~thornton.rose/Flower_Of_Scotland.abc", Flower_Of_Scotland.abc
"http://trillian.mit.edu/~jc/music/abc/mirror/mindspring.com/~thornton.rose/GaryOwen.abc", GaryOwen.abc
"http://trillian.mit.edu/~jc/music/abc/mirror/mindspring.com/~thornton.rose/Gary_Owen.abc", Gary_Owen.abc
"http://trillian.mit.edu/~jc/music/abc/mirror/mindspring.com/~thornton.rose/GatheringOfTheClans.abc", GatheringOfTheClans.abc
"http://trillian.mit.edu/~jc/music/abc/mirror/mindspring.com/~thornton.rose/Gathering_Of_The_Clans.abc", Gathering_Of_The_Clans.abc
"http://trillian.mit.edu/~jc/music/abc/mirror/mindspring.com/~thornton.rose/GodRestYeMerryGentlemen.abc", GodRestYeMerryGentlemen.abc
"http://trillian.mit.edu/~jc/music/abc/mirror/mindspring.com/~thornton.rose/God_Rest_Ye_Merry_Gentlemen.abc", God_Rest_Ye_Merry_Gentlemen.abc
"http://trillian.mit.edu/~jc/music/abc/mirror/mindspring.com/~thornton.rose/GravelWalk.abc", GravelWalk.abc
"http://trillian.mit.edu/~jc/music/abc/mirror/mindspring.com/~thornton.rose/Gravel_Walk.abc", Gravel_Walk.abc
"http://trillian.mit.edu/~jc/music/abc/mirror/mindspring.com/~thornton.rose/GreenSleeves.abc", GreenSleeves.abc
"http://trillian.mit.edu/~jc/music/abc/mirror/mindspring.com/~thornton.rose/HUMWHISK.abc", HUMWHISK.abc
"http://trillian.mit.edu/~jc/music/abc/mirror/mindspring.com/~thornton.rose/HappyBirthday.abc", HappyBirthday.abc
"http://trillian.mit.edu/~jc/music/abc/mirror/mindspring.com/~thornton.rose/Happy_Birthday.abc", Happy_Birthday.abc
"http://trillian.mit.edu/~jc/music/abc/mirror/mindspring.com/~thornton.rose/HarkTheHeraldAngelsSing.abc", HarkTheHeraldAngelsSing.abc
"http://trillian.mit.edu/~jc/music/abc/mirror/mindspring.com/~thornton.rose/Hark_The_Herald_Angels_Sing.abc", Hark_The_Herald_Angels_Sing.abc
"http://trillian.mit.edu/~jc/music/abc/mirror/mindspring.com/~thornton.rose/HectorTheHero.abc", HectorTheHero.abc
"http://trillian.mit.edu/~jc/music/abc/mirror/mindspring.com/~thornton.rose/Hector_The_Hero.abc", Hector_The_Hero.abc
"http://trillian.mit.edu/~jc/music/abc/mirror/mindspring.com/~thornton.rose/HielandLaddie.abc", HielandLaddie.abc
"http://trillian.mit.edu/~jc/music/abc/mirror/mindspring.com/~thornton.rose/Hieland_Laddie.abc", Hieland_Laddie.abc
"http://trillian.mit.edu/~jc/music/abc/mirror/mindspring.com/~thornton.rose/HighGermany.abc", HighGermany.abc
"http://trillian.mit.edu/~jc/music/abc/mirror/mindspring.com/~thornton.rose/High_Germany.abc", High_Germany.abc
"http://trillian.mit.edu/~jc/music/abc/mirror/mindspring.com/~thornton.rose/HillsOfConnemara.abc", HillsOfConnemara.abc
"http://trillian.mit.edu/~jc/music/abc/mirror/mindspring.com/~thornton.rose/Hills_Of_Connemara.abc", Hills_Of_Connemara.abc
"http://trillian.mit.edu/~jc/music/abc/mirror/mindspring.com/~thornton.rose/HouseOfTheRisingSun.abc", HouseOfTheRisingSun.abc
"http://trillian.mit.edu/~jc/music/abc/mirror/mindspring.com/~thornton.rose/House_Of_The_Rising_Sun.abc", House_Of_The_Rising_Sun.abc
"http://trillian.mit.edu/~jc/music/abc/mirror/mindspring.com/~thornton.rose/HumoursOfWhiskey1.abc", HumoursOfWhiskey1.abc
"http://trillian.mit.edu/~jc/music/abc/mirror/mindspring.com/~thornton.rose/HumoursOfWhiskey2.abc", HumoursOfWhiskey2.abc
"http://trillian.mit.edu/~jc/music/abc/mirror/mindspring.com/~thornton.rose/Humours_Of_Whiskey1.abc", Humours_Of_Whiskey1.abc
"http://trillian.mit.edu/~jc/music/abc/mirror/mindspring.com/~thornton.rose/Humours_Of_Whiskey2.abc", Humours_Of_Whiskey2.abc
"http://trillian.mit.edu/~jc/music/abc/mirror/mindspring.com/~thornton.rose/IBuriedMyWifeAndDancedOnHerGrave.abc", IBuriedMyWifeAndDancedOnHerGrave.abc
"http://trillian.mit.edu/~jc/music/abc/mirror/mindspring.com/~thornton.rose/IBuried_My_Wife_And_Danced_On_Her_Grave.abc", IBuried_My_Wife_And_Danced_On_Her_Grave.abc
"http://trillian.mit.edu/~jc/music/abc/mirror/mindspring.com/~thornton.rose/IRISHWSH.abc", IRISHWSH.abc
"http://trillian.mit.edu/~jc/music/abc/mirror/mindspring.com/~thornton.rose/InTheJailhouseNow.abc", InTheJailhouseNow.abc
"http://trillian.mit.edu/~jc/music/abc/mirror/mindspring.com/~thornton.rose/In_The_Jailhouse_Now.abc", In_The_Jailhouse_Now.abc
"http://trillian.mit.edu/~jc/music/abc/mirror/mindspring.com/~thornton.rose/ItCameUponAMidnightClear.abc", ItCameUponAMidnightClear.abc
"http://trillian.mit.edu/~jc/music/abc/mirror/mindspring.com/~thornton.rose/It_Came_Upon_AMidnight_Clear.abc", It_Came_Upon_AMidnight_Clear.abc
"http://trillian.mit.edu/~jc/music/abc/mirror/mindspring.com/~thornton.rose/JingleBells.abc", JingleBells.abc
"http://trillian.mit.edu/~jc/music/abc/mirror/mindspring.com/~thornton.rose/Jingle_Bells.abc", Jingle_Bells.abc
"http://trillian.mit.edu/~jc/music/abc/mirror/mindspring.com/~thornton.rose/JockStewart.abc", JockStewart.abc
"http://trillian.mit.edu/~jc/music/abc/mirror/mindspring.com/~thornton.rose/Jock_Stewart.abc", Jock_Stewart.abc
"http://trillian.mit.edu/~jc/music/abc/mirror/mindspring.com/~thornton.rose/JohnHenry.abc", JohnHenry.abc
"http://trillian.mit.edu/~jc/music/abc/mirror/mindspring.com/~thornton.rose/John_Henry.abc", John_Henry.abc
"http://trillian.mit.edu/~jc/music/abc/mirror/mindspring.com/~thornton.rose/JohnnyIHardlyKnewYe.abc", JohnnyIHardlyKnewYe.abc
"http://trillian.mit.edu/~jc/music/abc/mirror/mindspring.com/~thornton.rose/JohnnyJumpUp.abc", JohnnyJumpUp.abc
"http://trillian.mit.edu/~jc/music/abc/mirror/mindspring.com/~thornton.rose/Johnny_IHardly_Knew_Ye.abc", Johnny_IHardly_Knew_Ye.abc
"http://trillian.mit.edu/~jc/music/abc/mirror/mindspring.com/~thornton.rose/Johnny_Jump_Up.abc", Johnny_Jump_Up.abc
"http://trillian.mit.edu/~jc/music/abc/mirror/mindspring.com/~thornton.rose/JollyOldSaintNicholas.abc", JollyOldSaintNicholas.abc
"http://trillian.mit.edu/~jc/music/abc/mirror/mindspring.com/~thornton.rose/Jolly_Old_Saint_Nicholas.abc", Jolly_Old_Saint_Nicholas.abc
"http://trillian.mit.edu/~jc/music/abc/mirror/mindspring.com/~thornton.rose/JoyToTheWorld.abc", JoyToTheWorld.abc
"http://trillian.mit.edu/~jc/music/abc/mirror/mindspring.com/~thornton.rose/Joy_To_The_World.abc", Joy_To_The_World.abc
"http://trillian.mit.edu/~jc/music/abc/mirror/mindspring.com/~thornton.rose/KeepOnTheSunnySide.abc", KeepOnTheSunnySide.abc
"http://trillian.mit.edu/~jc/music/abc/mirror/mindspring.com/~thornton.rose/Keep_On_The_Sunny_Side.abc", Keep_On_The_Sunny_Side.abc
"http://trillian.mit.edu/~jc/music/abc/mirror/mindspring.com/~thornton.rose/KeshJig.abc", KeshJig.abc
"http://trillian.mit.edu/~jc/music/abc/mirror/mindspring.com/~thornton.rose/Kesh_Jig.abc", Kesh_Jig.abc
"http://trillian.mit.edu/~jc/music/abc/mirror/mindspring.com/~thornton.rose/LeavingHome.abc", LeavingHome.abc
"http://trillian.mit.edu/~jc/music/abc/mirror/mindspring.com/~thornton.rose/Leaving_Home.abc", Leaving_Home.abc
"http://trillian.mit.edu/~jc/music/abc/mirror/mindspring.com/~thornton.rose/Lisdoonvarna.abc", Lisdoonvarna.abc
"http://trillian.mit.edu/~jc/music/abc/mirror/mindspring.com/~thornton.rose/LochLomond.abc", LochLomond.abc
"http://trillian.mit.edu/~jc/music/abc/mirror/mindspring.com/~thornton.rose/Loch_Lomond.abc", Loch_Lomond.abc
"http://trillian.mit.edu/~jc/music/abc/mirror/mindspring.com/~thornton.rose/LoftusJones.abc", LoftusJones.abc
"http://trillian.mit.edu/~jc/music/abc/mirror/mindspring.com/~thornton.rose/Loftus_Jones.abc", Loftus_Jones.abc
"http://trillian.mit.edu/~jc/music/abc/mirror/mindspring.com/~thornton.rose/LongBlackVeil.abc", LongBlackVeil.abc
"http://trillian.mit.edu/~jc/music/abc/mirror/mindspring.com/~thornton.rose/Long_Black_Veil.abc", Long_Black_Veil.abc
"http://trillian.mit.edu/~jc/music/abc/mirror/mindspring.com/~thornton.rose/LordInchiquin.abc", LordInchiquin.abc
"http://trillian.mit.edu/~jc/music/abc/mirror/mindspring.com/~thornton.rose/LordOfTheDance.abc", LordOfTheDance.abc
"http://trillian.mit.edu/~jc/music/abc/mirror/mindspring.com/~thornton.rose/Lord_Inchiquin.abc", Lord_Inchiquin.abc
"http://trillian.mit.edu/~jc/music/abc/mirror/mindspring.com/~thornton.rose/Lord_Of_The_Dance.abc", Lord_Of_The_Dance.abc
"http://trillian.mit.edu/~jc/music/abc/mirror/mindspring.com/~thornton.rose/LumberjackSong.abc", LumberjackSong.abc
"http://trillian.mit.edu/~jc/music/abc/mirror/mindspring.com/~thornton.rose/Lumberjack_Song.abc", Lumberjack_Song.abc
"http://trillian.mit.edu/~jc/music/abc/mirror/mindspring.com/~thornton.rose/MRSMCGRT.abc", MRSMCGRT.abc
"http://trillian.mit.edu/~jc/music/abc/mirror/mindspring.com/~thornton.rose/MaidAtTheSpinningWheel.abc", MaidAtTheSpinningWheel.abc
"http://trillian.mit.edu/~jc/music/abc/mirror/mindspring.com/~thornton.rose/Maid_At_The_Spinning_Wheel.abc", Maid_At_The_Spinning_Wheel.abc
"http://trillian.mit.edu/~jc/music/abc/mirror/mindspring.com/~thornton.rose/ManOfConstantSorrow.abc", ManOfConstantSorrow.abc
"http://trillian.mit.edu/~jc/music/abc/mirror/mindspring.com/~thornton.rose/Man_Of_Constant_Sorrow.abc", Man_Of_Constant_Sorrow.abc
"http://trillian.mit.edu/~jc/music/abc/mirror/mindspring.com/~thornton.rose/MerryChristmas.abc", MerryChristmas.abc
"http://trillian.mit.edu/~jc/music/abc/mirror/mindspring.com/~thornton.rose/Merry_Christmas.abc", Merry_Christmas.abc
"http://trillian.mit.edu/~jc/music/abc/mirror/mindspring.com/~thornton.rose/MissionImpossible.abc", MissionImpossible.abc
"http://trillian.mit.edu/~jc/music/abc/mirror/mindspring.com/~thornton.rose/Mission_Impossible.abc", Mission_Impossible.abc
"http://trillian.mit.edu/~jc/music/abc/mirror/mindspring.com/~thornton.rose/MonaghanJig.abc", MonaghanJig.abc
"http://trillian.mit.edu/~jc/music/abc/mirror/mindspring.com/~thornton.rose/Monaghan_Jig.abc", Monaghan_Jig.abc
"http://trillian.mit.edu/~jc/music/abc/mirror/mindspring.com/~thornton.rose/MorganMegan.abc", MorganMegan.abc
"http://trillian.mit.edu/~jc/music/abc/mirror/mindspring.com/~thornton.rose/Morgan_Megan.abc", Morgan_Megan.abc
"http://trillian.mit.edu/~jc/music/abc/mirror/mindspring.com/~thornton.rose/MorningHasBroken.abc", MorningHasBroken.abc
"http://trillian.mit.edu/~jc/music/abc/mirror/mindspring.com/~thornton.rose/Morning_Has_Broken.abc", Morning_Has_Broken.abc
"http://trillian.mit.edu/~jc/music/abc/mirror/mindspring.com/~thornton.rose/Morrison2.abc", Morrison2.abc
"http://trillian.mit.edu/~jc/music/abc/mirror/mindspring.com/~thornton.rose/Morrison3.abc", Morrison3.abc
"http://trillian.mit.edu/~jc/music/abc/mirror/mindspring.com/~thornton.rose/Mr.Webster.abc", Mr.Webster.abc
"http://trillian.mit.edu/~jc/music/abc/mirror/mindspring.com/~thornton.rose/NOMANLD.abc", NOMANLD.abc
"http://trillian.mit.edu/~jc/music/abc/mirror/mindspring.com/~thornton.rose/OChristmasTree.abc", OChristmasTree.abc
"http://trillian.mit.edu/~jc/music/abc/mirror/mindspring.com/~thornton.rose/OChristmas_Tree.abc", OChristmas_Tree.abc
"http://trillian.mit.edu/~jc/music/abc/mirror/mindspring.com/~thornton.rose/OHolyNight.abc", OHolyNight.abc
"http://trillian.mit.edu/~jc/music/abc/mirror/mindspring.com/~thornton.rose/OHoly_Night.abc", OHoly_Night.abc
"http://trillian.mit.edu/~jc/music/abc/mirror/mindspring.com/~thornton.rose/OdeToJoy.abc", OdeToJoy.abc
"http://trillian.mit.edu/~jc/music/abc/mirror/mindspring.com/~thornton.rose/Ode_To_Joy.abc", Ode_To_Joy.abc
"http://trillian.mit.edu/~jc/music/abc/mirror/mindspring.com/~thornton.rose/OldMountainDew.abc", OldMountainDew.abc
"http://trillian.mit.edu/~jc/music/abc/mirror/mindspring.com/~thornton.rose/Old_Mountain_Dew.abc", Old_Mountain_Dew.abc
"http://trillian.mit.edu/~jc/music/abc/mirror/mindspring.com/~thornton.rose/PlanxtyFannyPower.abc", PlanxtyFannyPower.abc
"http://trillian.mit.edu/~jc/music/abc/mirror/mindspring.com/~thornton.rose/PlanxtyGeorgeBrabazon.abc", PlanxtyGeorgeBrabazon.abc
"http://trillian.mit.edu/~jc/music/abc/mirror/mindspring.com/~thornton.rose/PlanxtyHewlett.abc", PlanxtyHewlett.abc
"http://trillian.mit.edu/~jc/music/abc/mirror/mindspring.com/~thornton.rose/PlanxtyIrwin.abc", PlanxtyIrwin.abc
"http://trillian.mit.edu/~jc/music/abc/mirror/mindspring.com/~thornton.rose/Planxty_Fanny_Power.abc", Planxty_Fanny_Power.abc
"http://trillian.mit.edu/~jc/music/abc/mirror/mindspring.com/~thornton.rose/Planxty_George_Brabazon.abc", Planxty_George_Brabazon.abc
"http://trillian.mit.edu/~jc/music/abc/mirror/mindspring.com/~thornton.rose/Planxty_Hewlett.abc", Planxty_Hewlett.abc
"http://trillian.mit.edu/~jc/music/abc/mirror/mindspring.com/~thornton.rose/Planxty_Irwin.abc", Planxty_Irwin.abc
"http://trillian.mit.edu/~jc/music/abc/mirror/mindspring.com/~thornton.rose/PlasticJesus.abc", PlasticJesus.abc
"http://trillian.mit.edu/~jc/music/abc/mirror/mindspring.com/~thornton.rose/Plastic_Jesus.abc", Plastic_Jesus.abc
"http://trillian.mit.edu/~jc/music/abc/mirror/mindspring.com/~thornton.rose/PrimroseLass.abc", PrimroseLass.abc
"http://trillian.mit.edu/~jc/music/abc/mirror/mindspring.com/~thornton.rose/Primrose_Lass.abc", Primrose_Lass.abc
"http://trillian.mit.edu/~jc/music/abc/mirror/mindspring.com/~thornton.rose/PrincessRoyal.abc", PrincessRoyal.abc
"http://trillian.mit.edu/~jc/music/abc/mirror/mindspring.com/~thornton.rose/Princess_Royal.abc", Princess_Royal.abc
"http://trillian.mit.edu/~jc/music/abc/mirror/mindspring.com/~thornton.rose/PuffTheMagicDragon.abc", PuffTheMagicDragon.abc
"http://trillian.mit.edu/~jc/music/abc/mirror/mindspring.com/~thornton.rose/Puff_The_Magic_Dragon.abc", Puff_The_Magic_Dragon.abc
"http://trillian.mit.edu/~jc/music/abc/mirror/mindspring.com/~thornton.rose/RakesOfMallow.abc", RakesOfMallow.abc
"http://trillian.mit.edu/~jc/music/abc/mirror/mindspring.com/~thornton.rose/Rakes_Of_Mallow.abc", Rakes_Of_Mallow.abc
"http://trillian.mit.edu/~jc/music/abc/mirror/mindspring.com/~thornton.rose/RealOldMountainDew.abc", RealOldMountainDew.abc
"http://trillian.mit.edu/~jc/music/abc/mirror/mindspring.com/~thornton.rose/Real_Old_Mountain_Dew.abc", Real_Old_Mountain_Dew.abc
"http://trillian.mit.edu/~jc/music/abc/mirror/mindspring.com/~thornton.rose/RedIsTheRose.abc", RedIsTheRose.abc
"http://trillian.mit.edu/~jc/music/abc/mirror/mindspring.com/~thornton.rose/Red_Is_The_Rose.abc", Red_Is_The_Rose.abc
"http://trillian.mit.edu/~jc/music/abc/mirror/mindspring.com/~thornton.rose/RoadToLisdoonvarna.abc", RoadToLisdoonvarna.abc
"http://trillian.mit.edu/~jc/music/abc/mirror/mindspring.com/~thornton.rose/Road_To_Lisdoonvarna.abc", Road_To_Lisdoonvarna.abc
"http://trillian.mit.edu/~jc/music/abc/mirror/mindspring.com/~thornton.rose/RockyTop.abc", RockyTop.abc
"http://trillian.mit.edu/~jc/music/abc/mirror/mindspring.com/~thornton.rose/Rocky_Top.abc", Rocky_Top.abc
"http://trillian.mit.edu/~jc/music/abc/mirror/mindspring.com/~thornton.rose/RosemaryBrown.abc", RosemaryBrown.abc
"http://trillian.mit.edu/~jc/music/abc/mirror/mindspring.com/~thornton.rose/Rosemary_Brown.abc", Rosemary_Brown.abc
"http://trillian.mit.edu/~jc/music/abc/mirror/mindspring.com/~thornton.rose/RowanTree.abc", RowanTree.abc
"http://trillian.mit.edu/~jc/music/abc/mirror/mindspring.com/~thornton.rose/Rowan_Tree.abc", Rowan_Tree.abc
"http://trillian.mit.edu/~jc/music/abc/mirror/mindspring.com/~thornton.rose/SallyGardens.abc", SallyGardens.abc
"http://trillian.mit.edu/~jc/music/abc/mirror/mindspring.com/~thornton.rose/Sally_Gardens.abc", Sally_Gardens.abc
"http://trillian.mit.edu/~jc/music/abc/mirror/mindspring.com/~thornton.rose/Scales-DWhistle.abc", Scales-DWhistle.abc
"http://trillian.mit.edu/~jc/music/abc/mirror/mindspring.com/~thornton.rose/Scales-Major.abc", Scales-Major.abc
"http://trillian.mit.edu/~jc/music/abc/mirror/mindspring.com/~thornton.rose/Scales-Tab.abc", Scales-Tab.abc
"http://trillian.mit.edu/~jc/music/abc/mirror/mindspring.com/~thornton.rose/ScarboroughFair.abc", ScarboroughFair.abc
"http://trillian.mit.edu/~jc/music/abc/mirror/mindspring.com/~thornton.rose/Scarborough_Fair.abc", Scarborough_Fair.abc
"http://trillian.mit.edu/~jc/music/abc/mirror/mindspring.com/~thornton.rose/ScotlandTheBrave.abc", ScotlandTheBrave.abc
"http://trillian.mit.edu/~jc/music/abc/mirror/mindspring.com/~thornton.rose/Scotland_The_Brave.abc", Scotland_The_Brave.abc
"http://trillian.mit.edu/~jc/music/abc/mirror/mindspring.com/~thornton.rose/ShadyGrove.abc", ShadyGrove.abc
"http://trillian.mit.edu/~jc/music/abc/mirror/mindspring.com/~thornton.rose/Shady_Grove.abc", Shady_Grove.abc
"http://trillian.mit.edu/~jc/music/abc/mirror/mindspring.com/~thornton.rose/ShamrockShore.abc", ShamrockShore.abc
"http://trillian.mit.edu/~jc/music/abc/mirror/mindspring.com/~thornton.rose/ShamrockShore2.abc", ShamrockShore2.abc
"http://trillian.mit.edu/~jc/music/abc/mirror/mindspring.com/~thornton.rose/Shamrock_Shore.abc", Shamrock_Shore.abc
"http://trillian.mit.edu/~jc/music/abc/mirror/mindspring.com/~thornton.rose/Shamrock_Shore2.abc", Shamrock_Shore2.abc
"http://trillian.mit.edu/~jc/music/abc/mirror/mindspring.com/~thornton.rose/ShetlandFairyTunes.abc", ShetlandFairyTunes.abc
"http://trillian.mit.edu/~jc/music/abc/mirror/mindspring.com/~thornton.rose/Shetland_Fairy_Tunes.abc", Shetland_Fairy_Tunes.abc
"http://trillian.mit.edu/~jc/music/abc/mirror/mindspring.com/~thornton.rose/SiBeagSiMor.abc", SiBeagSiMor.abc
"http://trillian.mit.edu/~jc/music/abc/mirror/mindspring.com/~thornton.rose/Si_Beag_Si_Mor.abc", Si_Beag_Si_Mor.abc
"http://trillian.mit.edu/~jc/music/abc/mirror/mindspring.com/~thornton.rose/SilentNight.abc", SilentNight.abc
"http://trillian.mit.edu/~jc/music/abc/mirror/mindspring.com/~thornton.rose/Silent_Night.abc", Silent_Night.abc
"http://trillian.mit.edu/~jc/music/abc/mirror/mindspring.com/~thornton.rose/SilverSpear.abc", SilverSpear.abc
"http://trillian.mit.edu/~jc/music/abc/mirror/mindspring.com/~thornton.rose/Silver_Spear.abc", Silver_Spear.abc
"http://trillian.mit.edu/~jc/music/abc/mirror/mindspring.com/~thornton.rose/SoundOfSilence.abc", SoundOfSilence.abc
"http://trillian.mit.edu/~jc/music/abc/mirror/mindspring.com/~thornton.rose/Sound_Of_Silence.abc", Sound_Of_Silence.abc
"http://trillian.mit.edu/~jc/music/abc/mirror/mindspring.com/~thornton.rose/SouthWind.abc", SouthWind.abc
"http://trillian.mit.edu/~jc/music/abc/mirror/mindspring.com/~thornton.rose/South_Wind.abc", South_Wind.abc
"http://trillian.mit.edu/~jc/music/abc/mirror/mindspring.com/~thornton.rose/StJamesInfirmary.abc", StJamesInfirmary.abc
"http://trillian.mit.edu/~jc/music/abc/mirror/mindspring.com/~thornton.rose/St_James_Infirmary.abc", St_James_Infirmary.abc
"http://trillian.mit.edu/~jc/music/abc/mirror/mindspring.com/~thornton.rose/StarOfTheCountyDown.abc", StarOfTheCountyDown.abc
"http://trillian.mit.edu/~jc/music/abc/mirror/mindspring.com/~thornton.rose/Star_Of_The_County_Down.abc", Star_Of_The_County_Down.abc
"http://trillian.mit.edu/~jc/music/abc/mirror/mindspring.com/~thornton.rose/SuoGan.abc", SuoGan.abc
"http://trillian.mit.edu/~jc/music/abc/mirror/mindspring.com/~thornton.rose/Suo_Gan.abc", Suo_Gan.abc
"http://trillian.mit.edu/~jc/music/abc/mirror/mindspring.com/~thornton.rose/SwallowtailJig.abc", SwallowtailJig.abc
"http://trillian.mit.edu/~jc/music/abc/mirror/mindspring.com/~thornton.rose/Swallowtail_Jig.abc", Swallowtail_Jig.abc
"http://trillian.mit.edu/~jc/music/abc/mirror/mindspring.com/~thornton.rose/SweetThamesFlowSoftly.abc", SweetThamesFlowSoftly.abc
"http://trillian.mit.edu/~jc/music/abc/mirror/mindspring.com/~thornton.rose/Sweet_Thames_Flow_Softly.abc", Sweet_Thames_Flow_Softly.abc
"http://trillian.mit.edu/~jc/music/abc/mirror/mindspring.com/~thornton.rose/SwingLowSweetChariot.abc", SwingLowSweetChariot.abc
"http://trillian.mit.edu/~jc/music/abc/mirror/mindspring.com/~thornton.rose/Swing_Low_Sweet_Chariot.abc", Swing_Low_Sweet_Chariot.abc
"http://trillian.mit.edu/~jc/music/abc/mirror/mindspring.com/~thornton.rose/TheStreetsOfCairo.abc", TheStreetsOfCairo.abc
"http://trillian.mit.edu/~jc/music/abc/mirror/mindspring.com/~thornton.rose/The_Streets_Of_Cairo.abc", The_Streets_Of_Cairo.abc
"http://trillian.mit.edu/~jc/music/abc/mirror/mindspring.com/~thornton.rose/TomDooley.abc", TomDooley.abc
"http://trillian.mit.edu/~jc/music/abc/mirror/mindspring.com/~thornton.rose/Tom_Dooley.abc", Tom_Dooley.abc
"http://trillian.mit.edu/~jc/music/abc/mirror/mindspring.com/~thornton.rose/TuesdayEveningBeforeDinner.abc", TuesdayEveningBeforeDinner.abc
"http://trillian.mit.edu/~jc/music/abc/mirror/mindspring.com/~thornton.rose/TuesdayEveningSet.abc", TuesdayEveningSet.abc
"http://trillian.mit.edu/~jc/music/abc/mirror/mindspring.com/~thornton.rose/Tuesday_Evening_Before_Dinner.abc", Tuesday_Evening_Before_Dinner.abc
"http://trillian.mit.edu/~jc/music/abc/mirror/mindspring.com/~thornton.rose/Tuesday_Evening_Set.abc", Tuesday_Evening_Set.abc
"http://trillian.mit.edu/~jc/music/abc/mirror/mindspring.com/~thornton.rose/UpOnTheHousetop.abc", UpOnTheHousetop.abc
"http://trillian.mit.edu/~jc/music/abc/mirror/mindspring.com/~thornton.rose/Up_On_The_Housetop.abc", Up_On_The_Housetop.abc
"http://trillian.mit.edu/~jc/music/abc/mirror/mindspring.com/~thornton.rose/WALTZMAT.abc", WALTZMAT.abc
"http://trillian.mit.edu/~jc/music/abc/mirror/mindspring.com/~thornton.rose/WeWishYouAMerryChristmas.abc", WeWishYouAMerryChristmas.abc
"http://trillian.mit.edu/~jc/music/abc/mirror/mindspring.com/~thornton.rose/We_Wish_You_AMerry_Christmas.abc", We_Wish_You_AMerry_Christmas.abc
"http://trillian.mit.edu/~jc/music/abc/mirror/mindspring.com/~thornton.rose/WhatChildIsThis.abc", WhatChildIsThis.abc
"http://trillian.mit.edu/~jc/music/abc/mirror/mindspring.com/~thornton.rose/What_Child_Is_This.abc", What_Child_Is_This.abc
"http://trillian.mit.edu/~jc/music/abc/mirror/mindspring.com/~thornton.rose/WhenJohnnyComesMarchingHome.abc", WhenJohnnyComesMarchingHome.abc
"http://trillian.mit.edu/~jc/music/abc/mirror/mindspring.com/~thornton.rose/When_Johnny_Comes_Marching_Home.abc", When_Johnny_Comes_Marching_Home.abc
"http://trillian.mit.edu/~jc/music/abc/mirror/mindspring.com/~thornton.rose/WhereHaveAllTheFlowersGone.abc", WhereHaveAllTheFlowersGone.abc
"http://trillian.mit.edu/~jc/music/abc/mirror/mindspring.com/~thornton.rose/Where_Have_All_The_Flowers_Gone.abc", Where_Have_All_The_Flowers_Gone.abc
"http://trillian.mit.edu/~jc/music/abc/mirror/mindspring.com/~thornton.rose/WhiskyInTheJar.abc", WhiskyInTheJar.abc
"http://trillian.mit.edu/~jc/music/abc/mirror/mindspring.com/~thornton.rose/Whisky_In_The_Jar.abc", Whisky_In_The_Jar.abc
"http://trillian.mit.edu/~jc/music/abc/mirror/mindspring.com/~thornton.rose/WildMountainThyme.abc", WildMountainThyme.abc
"http://trillian.mit.edu/~jc/music/abc/mirror/mindspring.com/~thornton.rose/Wild_Mountain_Thyme.abc", Wild_Mountain_Thyme.abc
"http://trillian.mit.edu/~jc/music/abc/mirror/mindspring.com/~thornton.rose/WorldTurnedUpsideDown.abc", WorldTurnedUpsideDown.abc
"http://trillian.mit.edu/~jc/music/abc/mirror/mindspring.com/~thornton.rose/World_Turned_Upside_Down.abc", World_Turned_Upside_Down.abc
"http://trillian.mit.edu/~jc/music/abc/mirror/mindspring.com/~thornton.rose/YellowRoseOfTexas.abc", YellowRoseOfTexas.abc
"http://trillian.mit.edu/~jc/music/abc/mirror/mindspring.com/~thornton.rose/Yellow_Rose_Of_Texas.abc", Yellow_Rose_Of_Texas.abc
"http://trillian.mit.edu/~jc/music/abc/mirror/mindspring.com/~thornton.rose/YouAreMySunshine.abc", YouAreMySunshine.abc
"http://trillian.mit.edu/~jc/music/abc/mirror/mindspring.com/~thornton.rose/You_Are_My_Sunshine.abc", You_Are_My_Sunshine.abc
"http://trillian.mit.edu/~jc/music/abc/mirror/mindspring.com/~thornton.rose/highlandladdie1.abc", highlandladdie1.abc
"http://trillian.mit.edu/~jc/music/abc/mirror/mindspring.com/~thornton.rose/highlandladdie2.abc", highlandladdie2.abc
"http://trillian.mit.edu/~jc/music/abc/mirror/mindspring.com/~thornton.rose/highlandladdie3.abc", highlandladdie3.abc